{
  "classname": null,
  "name": null,
  "animation": {
    "classname": null,
    "name": "AnimationManager",
    "actionlist": []
  },
  "designHeight": 320,
  "designWidth": 480,
  "textures": [],
  "version": "1.0.0.0",
  "widgetTree": {
    "classname": "Panel",
    "name": null,
    "children": [
      {
        "classname": "ImageView",
        "name": null,
        "children": [
          {
            "classname": "ImageView",
            "name": null,
            "children": [],
            "options": {
              "__type": "ComGUIImageViewSurrogate:#EditorCommon.JsonModel.Component.GUI",
              "classname": "ImageView",
              "name": "musicVolumeText",
              "ZOrder": 0,
              "actiontag": 23,
              "anchorPointX": 0.5,
              "anchorPointY": 0.5,
              "classType": null,
              "colorB": 255,
              "colorG": 255,
              "colorR": 255,
              "flipX": false,
              "flipY": false,
              "height": 23,
              "ignoreSize": true,
              "opacity": 255,
              "rotation": 0,
              "scaleX": 1,
              "scaleY": 1,
              "tag": 3,
              "touchAble": false,
              "useMergedTexture": false,
              "visible": true,
              "width": 46,
              "x": -172,
              "xProportion": -0.320297956,
              "y": 11,
              "yProportion": 0.0348101258,
              "capInsetsHeight": 0,
              "capInsetsWidth": 0,
              "capInsetsX": 0,
              "capInsetsY": 0,
              "fileName": null,
              "fileNameData": {
                "path": "muiscVolumText.png",
                "plistFile": null,
                "resourceType": 0
              },
              "scale9Enable": false,
              "scale9Height": 23,
              "scale9Width": 46
            }
          },
          {
            "classname": "ImageView",
            "name": null,
            "children": [],
            "options": {
              "__type": "ComGUIImageViewSurrogate:#EditorCommon.JsonModel.Component.GUI",
              "classname": "ImageView",
              "name": "musicEffectText",
              "ZOrder": 0,
              "actiontag": 24,
              "anchorPointX": 0.5,
              "anchorPointY": 0.5,
              "classType": null,
              "colorB": 255,
              "colorG": 255,
              "colorR": 255,
              "flipX": false,
              "flipY": false,
              "height": 23,
              "ignoreSize": true,
              "opacity": 255,
              "rotation": 0,
              "scaleX": 1,
              "scaleY": 1,
              "tag": 4,
              "touchAble": false,
              "useMergedTexture": false,
              "visible": true,
              "width": 46,
              "x": -172,
              "xProportion": -0.320297956,
              "y": 70,
              "yProportion": 0.221519,
              "capInsetsHeight": 0,
              "capInsetsWidth": 0,
              "capInsetsX": 0,
              "capInsetsY": 0,
              "fileName": null,
              "fileNameData": {
                "path": "musicEffectText.png",
                "plistFile": null,
                "resourceType": 0
              },
              "scale9Enable": false,
              "scale9Height": 23,
              "scale9Width": 46
            }
          },
          {
            "classname": "Button",
            "name": null,
            "children": [],
            "options": {
              "__type": "ComGUIButtonSurrogate:#EditorCommon.JsonModel.Component.GUI",
              "classname": "Button",
              "name": "backGame",
              "ZOrder": 0,
              "actiontag": 25,
              "anchorPointX": 0.5,
              "anchorPointY": 0.5,
              "classType": null,
              "colorB": 255,
              "colorG": 255,
              "colorR": 255,
              "flipX": false,
              "flipY": false,
              "height": 51,
              "ignoreSize": true,
              "opacity": 255,
              "rotation": 0,
              "scaleX": 1,
              "scaleY": 1,
              "tag": 5,
              "touchAble": true,
              "useMergedTexture": false,
              "visible": true,
              "width": 145,
              "x": -86,
              "xProportion": -0.160148978,
              "y": -62,
              "yProportion": -0.196202531,
              "capInsetsHeight": 0,
              "capInsetsWidth": 0,
              "capInsetsX": 0,
              "capInsetsY": 0,
              "disabled": null,
              "disabledData": {
                "path": null,
                "plistFile": null,
                "resourceType": 0
              },
              "normal": null,
              "normalData": {
                "path": "backGame.png",
                "plistFile": null,
                "resourceType": 0
              },
              "pressed": null,
              "pressedData": {
                "path": "backGamePush.png",
                "plistFile": null,
                "resourceType": 0
              },
              "scale9Enable": false,
              "scale9Height": 51,
              "scale9Width": 145
            }
          },
          {
            "classname": "Button",
            "name": null,
            "children": [],
            "options": {
              "__type": "ComGUIButtonSurrogate:#EditorCommon.JsonModel.Component.GUI",
              "classname": "Button",
              "name": "returnMainMenu",
              "ZOrder": 0,
              "actiontag": 26,
              "anchorPointX": 0.5,
              "anchorPointY": 0.5,
              "classType": null,
              "colorB": 255,
              "colorG": 255,
              "colorR": 255,
              "flipX": false,
              "flipY": false,
              "height": 51,
              "ignoreSize": true,
              "opacity": 255,
              "rotation": 0,
              "scaleX": 1,
              "scaleY": 1,
              "tag": 6,
              "touchAble": true,
              "useMergedTexture": false,
              "visible": true,
              "width": 145,
              "x": 88,
              "xProportion": 0.163873374,
              "y": -63,
              "yProportion": -0.199367091,
              "capInsetsHeight": 0,
              "capInsetsWidth": 0,
              "capInsetsX": 0,
              "capInsetsY": 0,
              "disabled": null,
              "disabledData": {
                "path": null,
                "plistFile": null,
                "resourceType": 0
              },
              "normal": null,
              "normalData": {
                "path": "backMainMenuBtn.png",
                "plistFile": null,
                "resourceType": 0
              },
              "pressed": null,
              "pressedData": {
                "path": "backMainMenuPushBtn.png",
                "plistFile": null,
                "resourceType": 0
              },
              "scale9Enable": false,
              "scale9Height": 51,
              "scale9Width": 145
            }
          },
          {
            "classname": "Slider",
            "name": null,
            "children": [],
            "options": {
              "__type": "ComGUISliderSurrogate:#EditorCommon.JsonModel.Component.GUI",
              "classname": "Slider",
              "name": "musicEffect",
              "ZOrder": 0,
              "actiontag": 31,
              "anchorPointX": 0.5,
              "anchorPointY": 0.5,
              "classType": null,
              "colorB": 255,
              "colorG": 255,
              "colorR": 255,
              "flipX": false,
              "flipY": false,
              "height": 48,
              "ignoreSize": true,
              "opacity": 255,
              "rotation": 0,
              "scaleX": 1,
              "scaleY": 1,
              "tag": 11,
              "touchAble": true,
              "useMergedTexture": false,
              "visible": true,
              "width": 118,
              "x": -75,
              "xProportion": -0.1396648,
              "y": 67,
              "yProportion": 0.212025315,
              "ballDisabled": null,
              "ballDisabledData": {
                "path": null,
                "plistFile": null,
                "resourceType": 0
              },
              "ballNormal": null,
              "ballNormalData": {
                "path": "musicEffectSwitch.png",
                "plistFile": null,
                "resourceType": 0
              },
              "ballPressed": null,
              "ballPressedData": {
                "path": "musicEffectSwitch.png",
                "plistFile": null,
                "resourceType": 0
              },
              "barFileName": null,
              "barFileNameData": {
                "path": "musicEffectOn.png",
                "plistFile": null,
                "resourceType": 0
              },
              "capInsetsHeight": 0,
              "capInsetsWidth": 0,
              "capInsetsX": 0,
              "capInsetsY": 0,
              "length": 118,
              "percent": 15,
              "progressBarData": {
                "path": "musicEffectOff.png",
                "plistFile": null,
                "resourceType": 0
              },
              "progressBarVisible": false,
              "scale9Enable": false,
              "scale9Height": 0,
              "scale9Width": 0,
              "slidBallAnchorPointX": 0,
              "slidBallAnchorPointY": 0
            }
          },
          {
            "classname": "Slider",
            "name": null,
            "children": [],
            "options": {
              "__type": "ComGUISliderSurrogate:#EditorCommon.JsonModel.Component.GUI",
              "classname": "Slider",
              "name": "musicVolume",
              "ZOrder": 0,
              "actiontag": 29,
              "anchorPointX": 0.5,
              "anchorPointY": 0.5,
              "classType": null,
              "colorB": 255,
              "colorG": 255,
              "colorR": 255,
              "flipX": false,
              "flipY": false,
              "height": 10,
              "ignoreSize": true,
              "opacity": 255,
              "rotation": 0,
              "scaleX": 1,
              "scaleY": 1,
              "tag": 9,
              "touchAble": true,
              "useMergedTexture": false,
              "visible": true,
              "width": 274,
              "x": 1,
              "xProportion": 0.00186219742,
              "y": 11,
              "yProportion": 0.0348101258,
              "ballDisabled": null,
              "ballDisabledData": {
                "path": null,
                "plistFile": null,
                "resourceType": 0
              },
              "ballNormal": null,
              "ballNormalData": {
                "path": "musicVolumeSwitch.png",
                "plistFile": null,
                "resourceType": 0
              },
              "ballPressed": null,
              "ballPressedData": {
                "path": "musicVolumeSwitch.png",
                "plistFile": null,
                "resourceType": 0
              },
              "barFileName": null,
              "barFileNameData": {
                "path": "musicVolumeBottom.png",
                "plistFile": null,
                "resourceType": 0
              },
              "capInsetsHeight": 0,
              "capInsetsWidth": 0,
              "capInsetsX": 0,
              "capInsetsY": 0,
              "length": 274,
              "percent": 8,
              "progressBarData": {
                "path": "musicVolumeOn.png",
                "plistFile": null,
                "resourceType": 0
              },
              "progressBarVisible": false,
              "scale9Enable": false,
              "scale9Height": 0,
              "scale9Width": 0,
              "slidBallAnchorPointX": 0,
              "slidBallAnchorPointY": 0
            }
          },
          {
            "classname": "ImageView",
            "name": null,
            "children": [],
            "options": {
              "__type": "ComGUIImageViewSurrogate:#EditorCommon.JsonModel.Component.GUI",
              "classname": "ImageView",
              "name": "musicVolumBK",
              "ZOrder": 0,
              "actiontag": 30,
              "anchorPointX": 0.5,
              "anchorPointY": 0.5,
              "classType": null,
              "colorB": 255,
              "colorG": 255,
              "colorR": 255,
              "flipX": false,
              "flipY": false,
              "height": 25,
              "ignoreSize": true,
              "opacity": 255,
              "rotation": 0,
              "scaleX": 1.05,
              "scaleY": 1,
              "tag": 10,
              "touchAble": false,
              "useMergedTexture": false,
              "visible": true,
              "width": 265,
              "x": 3,
              "xProportion": 0.005586592,
              "y": 10,
              "yProportion": 0.03164557,
              "capInsetsHeight": 0,
              "capInsetsWidth": 0,
              "capInsetsX": 0,
              "capInsetsY": 0,
              "fileName": null,
              "fileNameData": {
                "path": "musicVolumeBK.png",
                "plistFile": null,
                "resourceType": 0
              },
              "scale9Enable": false,
              "scale9Height": 25,
              "scale9Width": 265
            }
          }
        ],
        "options": {
          "__type": "ComGUIImageViewSurrogate:#EditorCommon.JsonModel.Component.GUI",
          "classname": "ImageView",
          "name": "setMenuBK",
          "ZOrder": 1,
          "actiontag": 22,
          "anchorPointX": 0.5,
          "anchorPointY": 0.5,
          "classType": null,
          "colorB": 255,
          "colorG": 255,
          "colorR": 255,
          "flipX": false,
          "flipY": false,
          "height": 316,
          "ignoreSize": true,
          "opacity": 255,
          "rotation": 0,
          "scaleX": 0.5,
          "scaleY": 0.5,
          "tag": 2,
          "touchAble": true,
          "useMergedTexture": false,
          "visible": true,
          "width": 537,
          "x": 244,
          "xProportion": 0.5083333,
          "y": 160,
          "yProportion": 0.5,
          "capInsetsHeight": 0,
          "capInsetsWidth": 0,
          "capInsetsX": 0,
          "capInsetsY": 0,
          "fileName": null,
          "fileNameData": {
            "path": "setMenu.png",
            "plistFile": null,
            "resourceType": 0
          },
          "scale9Enable": false,
          "scale9Height": 316,
          "scale9Width": 537
        }
      }
    ],
    "options": {
      "__type": "ComGUIPanelSurrogate:#EditorCommon.JsonModel.Component.GUI",
      "classname": "Panel",
      "name": "Panel",
      "ZOrder": 0,
      "actiontag": -1,
      "anchorPointX": 0,
      "anchorPointY": 0,
      "classType": null,
      "colorB": 255,
      "colorG": 255,
      "colorR": 255,
      "flipX": false,
      "flipY": false,
      "height": 320,
      "ignoreSize": false,
      "opacity": 255,
      "rotation": 0,
      "scaleX": 1,
      "scaleY": 1,
      "tag": 1,
      "touchAble": false,
      "useMergedTexture": false,
      "visible": true,
      "width": 480,
      "x": 0,
      "xProportion": 0,
      "y": 0,
      "yProportion": 0,
      "backGroundImage": null,
      "backGroundImageData": null,
      "backGroundScale9Enable": false,
      "bgColorB": 255,
      "bgColorG": 200,
      "bgColorOpacity": 0,
      "bgColorR": 150,
      "bgEndColorB": 255,
      "bgEndColorG": 0,
      "bgEndColorR": 0,
      "bgStartColorB": 255,
      "bgStartColorG": 255,
      "bgStartColorR": 255,
      "capInsetsHeight": 0,
      "capInsetsWidth": 0,
      "capInsetsX": 0,
      "capInsetsY": 0,
      "clipAble": false,
      "colorType": 1,
      "vectorX": 0,
      "vectorY": -0.5
    }
  }
}