{
  "classname": null,
  "name": null,
  "animation": {
    "classname": null,
    "name": "AnimationManager",
    "actionlist": []
  },
  "designHeight": 320,
  "designWidth": 480,
  "textures": [],
  "version": "1.0.0.0",
  "widgetTree": {
    "classname": "Panel",
    "name": null,
    "children": [
      {
        "classname": "ImageView",
        "name": null,
        "children": [
          {
            "classname": "Label",
            "name": null,
            "children": [],
            "options": {
              "__type": "ComGUILabelSurrogate:#EditorCommon.JsonModel.Component.GUI",
              "classname": "Label",
              "name": "monsterGroundLabel",
              "ZOrder": 0,
              "actiontag": 44,
              "anchorPointX": 0.5,
              "anchorPointY": 0.5,
              "classType": null,
              "colorB": 255,
              "colorG": 255,
              "colorR": 255,
              "flipX": false,
              "flipY": false,
              "height": 30,
              "ignoreSize": true,
              "opacity": 255,
              "rotation": 0,
              "scaleX": 1,
              "scaleY": 1,
              "tag": 19,
              "touchAble": false,
              "useMergedTexture": false,
              "visible": true,
              "width": 30,
              "x": 124,
              "xProportion": 0.129166663,
              "y": 64,
              "yProportion": 0.1,
              "fontName": "黑体",
              "fontSize": 30,
              "fontType": 1,
              "text": "20",
              "touchScaleEnable": false
            }
          },
          {
            "classname": "Label",
            "name": null,
            "children": [],
            "options": {
              "__type": "ComGUILabelSurrogate:#EditorCommon.JsonModel.Component.GUI",
              "classname": "Label",
              "name": "multiplyLabel_Clone",
              "ZOrder": 0,
              "actiontag": 43,
              "anchorPointX": 0.5,
              "anchorPointY": 0.5,
              "classType": null,
              "colorB": 255,
              "colorG": 255,
              "colorR": 255,
              "flipX": false,
              "flipY": false,
              "height": 27,
              "ignoreSize": true,
              "opacity": 255,
              "rotation": 0,
              "scaleX": 1,
              "scaleY": 1,
              "tag": 18,
              "touchAble": false,
              "useMergedTexture": false,
              "visible": true,
              "width": 28,
              "x": 78,
              "xProportion": 0.08125,
              "y": 65,
              "yProportion": 0.1015625,
              "fontName": "黑体",
              "fontSize": 27,
              "fontType": 1,
              "text": "×",
              "touchScaleEnable": false
            }
          },
          {
            "classname": "LabelAtlas",
            "name": null,
            "children": [],
            "options": {
              "__type": "ComGUILabelAtlasSurrogate:#EditorCommon.JsonModel.Component.GUI",
              "classname": "LabelAtlas",
              "name": "finalScore",
              "ZOrder": 0,
              "actiontag": 40,
              "anchorPointX": 0.5,
              "anchorPointY": 0.5,
              "classType": null,
              "colorB": 255,
              "colorG": 255,
              "colorR": 255,
              "flipX": false,
              "flipY": false,
              "height": 32,
              "ignoreSize": true,
              "opacity": 255,
              "rotation": 0,
              "scaleX": 1,
              "scaleY": 1,
              "tag": 15,
              "touchAble": false,
              "useMergedTexture": false,
              "visible": true,
              "width": 24,
              "x": 42,
              "xProportion": 0.04375,
              "y": -58,
              "yProportion": -0.090625,
              "charMapFile": null,
              "charMapFileData": {
                "path": "labelatlasimg.png",
                "plistFile": null,
                "resourceType": 0
              },
              "itemHeight": 32,
              "itemWidth": 24,
              "startCharMap": "0",
              "stringValue": "0"
            }
          },
          {
            "classname": "Button",
            "name": null,
            "children": [],
            "options": {
              "__type": "ComGUIButtonSurrogate:#EditorCommon.JsonModel.Component.GUI",
              "classname": "Button",
              "name": "playAgain",
              "ZOrder": 0,
              "actiontag": 26,
              "anchorPointX": 0.5,
              "anchorPointY": 0.5,
              "classType": null,
              "colorB": 255,
              "colorG": 255,
              "colorR": 255,
              "flipX": false,
              "flipY": false,
              "height": 52,
              "ignoreSize": true,
              "opacity": 255,
              "rotation": 0,
              "scaleX": 1,
              "scaleY": 1,
              "tag": 3,
              "touchAble": true,
              "useMergedTexture": false,
              "visible": true,
              "width": 188,
              "x": -54,
              "xProportion": -0.05625,
              "y": -158,
              "yProportion": -0.246875,
              "capInsetsHeight": 0,
              "capInsetsWidth": 0,
              "capInsetsX": 0,
              "capInsetsY": 0,
              "disabled": null,
              "disabledData": {
                "path": null,
                "plistFile": null,
                "resourceType": 0
              },
              "normal": null,
              "normalData": {
                "path": "playAgainBtn.png",
                "plistFile": null,
                "resourceType": 0
              },
              "pressed": null,
              "pressedData": {
                "path": "playAgainPushBtn.png",
                "plistFile": null,
                "resourceType": 0
              },
              "scale9Enable": false,
              "scale9Height": 52,
              "scale9Width": 188
            }
          },
          {
            "classname": "ImageView",
            "name": null,
            "children": [],
            "options": {
              "__type": "ComGUIImageViewSurrogate:#EditorCommon.JsonModel.Component.GUI",
              "classname": "ImageView",
              "name": "monsterSkyIcon",
              "ZOrder": 0,
              "actiontag": 31,
              "anchorPointX": 0.5,
              "anchorPointY": 0.5,
              "classType": null,
              "colorB": 255,
              "colorG": 255,
              "colorR": 255,
              "flipX": false,
              "flipY": false,
              "height": 82,
              "ignoreSize": true,
              "opacity": 255,
              "rotation": 0,
              "scaleX": 0.6,
              "scaleY": 0.6,
              "tag": 8,
              "touchAble": false,
              "useMergedTexture": false,
              "visible": true,
              "width": 77,
              "x": -185,
              "xProportion": -0.192708328,
              "y": 64,
              "yProportion": 0.1,
              "capInsetsHeight": 0,
              "capInsetsWidth": 0,
              "capInsetsX": 0,
              "capInsetsY": 0,
              "fileName": null,
              "fileNameData": {
                "path": "monsterSky.png",
                "plistFile": null,
                "resourceType": 0
              },
              "scale9Enable": false,
              "scale9Height": 82,
              "scale9Width": 77
            }
          },
          {
            "classname": "ImageView",
            "name": null,
            "children": [],
            "options": {
              "__type": "ComGUIImageViewSurrogate:#EditorCommon.JsonModel.Component.GUI",
              "classname": "ImageView",
              "name": "monsterGroundIcon",
              "ZOrder": 0,
              "actiontag": 33,
              "anchorPointX": 0.5,
              "anchorPointY": 0.5,
              "classType": null,
              "colorB": 255,
              "colorG": 255,
              "colorR": 255,
              "flipX": false,
              "flipY": false,
              "height": 127,
              "ignoreSize": true,
              "opacity": 255,
              "rotation": 0,
              "scaleX": 0.4,
              "scaleY": 0.4,
              "tag": 10,
              "touchAble": false,
              "useMergedTexture": false,
              "visible": true,
              "width": 112,
              "x": 27,
              "xProportion": 0.028125,
              "y": 66,
              "yProportion": 0.103125,
              "capInsetsHeight": 0,
              "capInsetsWidth": 0,
              "capInsetsX": 0,
              "capInsetsY": 0,
              "fileName": null,
              "fileNameData": {
                "path": "monsterGround.png",
                "plistFile": null,
                "resourceType": 0
              },
              "scale9Enable": false,
              "scale9Height": 127,
              "scale9Width": 112
            }
          },
          {
            "classname": "Label",
            "name": null,
            "children": [],
            "options": {
              "__type": "ComGUILabelSurrogate:#EditorCommon.JsonModel.Component.GUI",
              "classname": "Label",
              "name": "distanceLabel",
              "ZOrder": 0,
              "actiontag": 37,
              "anchorPointX": 0.5,
              "anchorPointY": 0.5,
              "classType": null,
              "colorB": 255,
              "colorG": 255,
              "colorR": 255,
              "flipX": false,
              "flipY": false,
              "height": 36,
              "ignoreSize": true,
              "opacity": 255,
              "rotation": 0,
              "scaleX": 1,
              "scaleY": 1,
              "tag": 14,
              "touchAble": false,
              "useMergedTexture": false,
              "visible": true,
              "width": 162,
              "x": -123,
              "xProportion": -0.128125,
              "y": 3,
              "yProportion": 0.0046875,
              "fontName": "黑体",
              "fontSize": 36,
              "fontType": 1,
              "text": "Distance:",
              "touchScaleEnable": false
            }
          },
          {
            "classname": "LabelAtlas",
            "name": null,
            "children": [],
            "options": {
              "__type": "ComGUILabelAtlasSurrogate:#EditorCommon.JsonModel.Component.GUI",
              "classname": "LabelAtlas",
              "name": "distanceScore",
              "ZOrder": 0,
              "actiontag": 38,
              "anchorPointX": 0.5,
              "anchorPointY": 0.5,
              "classType": null,
              "colorB": 255,
              "colorG": 255,
              "colorR": 255,
              "flipX": false,
              "flipY": false,
              "height": 32,
              "ignoreSize": true,
              "opacity": 255,
              "rotation": 0,
              "scaleX": 1,
              "scaleY": 1,
              "tag": 15,
              "touchAble": false,
              "useMergedTexture": false,
              "visible": true,
              "width": 24,
              "x": 43,
              "xProportion": 0.0447916649,
              "y": -3,
              "yProportion": -0.0046875,
              "charMapFile": null,
              "charMapFileData": {
                "path": "labelatlasimg.png",
                "plistFile": null,
                "resourceType": 0
              },
              "itemHeight": 32,
              "itemWidth": 24,
              "startCharMap": "0",
              "stringValue": "0"
            }
          },
          {
            "classname": "Label",
            "name": null,
            "children": [],
            "options": {
              "__type": "ComGUILabelSurrogate:#EditorCommon.JsonModel.Component.GUI",
              "classname": "Label",
              "name": "scoreLabel",
              "ZOrder": 0,
              "actiontag": 39,
              "anchorPointX": 0.5,
              "anchorPointY": 0.5,
              "classType": null,
              "colorB": 255,
              "colorG": 255,
              "colorR": 255,
              "flipX": false,
              "flipY": false,
              "height": 35,
              "ignoreSize": true,
              "opacity": 255,
              "rotation": 0,
              "scaleX": 1,
              "scaleY": 1,
              "tag": 16,
              "touchAble": false,
              "useMergedTexture": false,
              "visible": true,
              "width": 108,
              "x": -98,
              "xProportion": -0.102083333,
              "y": -56,
              "yProportion": -0.0875,
              "fontName": "黑体",
              "fontSize": 35,
              "fontType": 1,
              "text": "Score:",
              "touchScaleEnable": false
            }
          },
          {
            "classname": "Label",
            "name": null,
            "children": [],
            "options": {
              "__type": "ComGUILabelSurrogate:#EditorCommon.JsonModel.Component.GUI",
              "classname": "Label",
              "name": "multiplyLabel",
              "ZOrder": 0,
              "actiontag": 41,
              "anchorPointX": 0.5,
              "anchorPointY": 0.5,
              "classType": null,
              "colorB": 255,
              "colorG": 255,
              "colorR": 255,
              "flipX": false,
              "flipY": false,
              "height": 27,
              "ignoreSize": true,
              "opacity": 255,
              "rotation": 0,
              "scaleX": 1,
              "scaleY": 1,
              "tag": 18,
              "touchAble": false,
              "useMergedTexture": false,
              "visible": true,
              "width": 28,
              "x": -135,
              "xProportion": -0.140625,
              "y": 67,
              "yProportion": 0.1046875,
              "fontName": "黑体",
              "fontSize": 27,
              "fontType": 1,
              "text": "×",
              "touchScaleEnable": false
            }
          },
          {
            "classname": "Label",
            "name": null,
            "children": [],
            "options": {
              "__type": "ComGUILabelSurrogate:#EditorCommon.JsonModel.Component.GUI",
              "classname": "Label",
              "name": "monsterSkyLabel",
              "ZOrder": 0,
              "actiontag": 42,
              "anchorPointX": 0.5,
              "anchorPointY": 0.5,
              "classType": null,
              "colorB": 255,
              "colorG": 255,
              "colorR": 255,
              "flipX": false,
              "flipY": false,
              "height": 30,
              "ignoreSize": true,
              "opacity": 255,
              "rotation": 0,
              "scaleX": 1,
              "scaleY": 1,
              "tag": 19,
              "touchAble": false,
              "useMergedTexture": false,
              "visible": true,
              "width": 30,
              "x": -94,
              "xProportion": -0.09791667,
              "y": 68,
              "yProportion": 0.10625,
              "fontName": "黑体",
              "fontSize": 30,
              "fontType": 1,
              "text": "20",
              "touchScaleEnable": false
            }
          }
        ],
        "options": {
          "__type": "ComGUIImageViewSurrogate:#EditorCommon.JsonModel.Component.GUI",
          "classname": "ImageView",
          "name": "gameOverBK",
          "ZOrder": 1,
          "actiontag": 25,
          "anchorPointX": 0.5,
          "anchorPointY": 0.5,
          "classType": null,
          "colorB": 255,
          "colorG": 255,
          "colorR": 255,
          "flipX": false,
          "flipY": false,
          "height": 640,
          "ignoreSize": true,
          "opacity": 255,
          "rotation": 0,
          "scaleX": 0.51,
          "scaleY": 0.5,
          "tag": 2,
          "touchAble": true,
          "useMergedTexture": false,
          "visible": true,
          "width": 960,
          "x": 239,
          "xProportion": 0.497916669,
          "y": 159,
          "yProportion": 0.496875,
          "capInsetsHeight": 0,
          "capInsetsWidth": 0,
          "capInsetsX": 0,
          "capInsetsY": 0,
          "fileName": null,
          "fileNameData": {
            "path": "gameOverMenu.png",
            "plistFile": null,
            "resourceType": 0
          },
          "scale9Enable": false,
          "scale9Height": 640,
          "scale9Width": 960
        }
      }
    ],
    "options": {
      "__type": "ComGUIPanelSurrogate:#EditorCommon.JsonModel.Component.GUI",
      "classname": "Panel",
      "name": "Panel",
      "ZOrder": 0,
      "actiontag": -1,
      "anchorPointX": 0,
      "anchorPointY": 0,
      "classType": null,
      "colorB": 255,
      "colorG": 255,
      "colorR": 255,
      "flipX": false,
      "flipY": false,
      "height": 320,
      "ignoreSize": false,
      "opacity": 255,
      "rotation": 0,
      "scaleX": 1,
      "scaleY": 1,
      "tag": 1,
      "touchAble": false,
      "useMergedTexture": false,
      "visible": true,
      "width": 480,
      "x": 0,
      "xProportion": 0,
      "y": 0,
      "yProportion": 0,
      "backGroundImage": null,
      "backGroundImageData": null,
      "backGroundScale9Enable": false,
      "bgColorB": 255,
      "bgColorG": 200,
      "bgColorOpacity": 0,
      "bgColorR": 150,
      "bgEndColorB": 255,
      "bgEndColorG": 0,
      "bgEndColorR": 0,
      "bgStartColorB": 255,
      "bgStartColorG": 255,
      "bgStartColorR": 255,
      "capInsetsHeight": 0,
      "capInsetsWidth": 0,
      "capInsetsX": 0,
      "capInsetsY": 0,
      "clipAble": false,
      "colorType": 1,
      "vectorX": 0,
      "vectorY": -0.5
    }
  }
}