{
  "classname": null,
  "name": null,
  "animation": {
    "classname": null,
    "name": "AnimationManager",
    "actionlist": []
  },
  "designHeight": 640,
  "designWidth": 960,
  "textures": [],
  "version": "1.0.0.0",
  "widgetTree": {
    "classname": "Panel",
    "name": null,
    "children": [
      {
        "classname": "Button",
        "name": null,
        "children": [],
        "options": {
          "__type": "ComGUIButtonSurrogate:#EditorCommon.JsonModel.Component.GUI",
          "classname": "Button",
          "name": "Setting",
          "ZOrder": 5,
          "actiontag": 28,
          "anchorPointX": 0.5,
          "anchorPointY": 0.5,
          "classType": null,
          "colorB": 255,
          "colorG": 255,
          "colorR": 255,
          "flipX": false,
          "flipY": false,
          "height": 45,
          "ignoreSize": true,
          "opacity": 255,
          "rotation": 0,
          "scaleX": 1,
          "scaleY": 1,
          "tag": 8,
          "touchAble": true,
          "useMergedTexture": false,
          "visible": true,
          "width": 45,
          "x": 851,
          "xProportion": 0.886458337,
          "y": 592,
          "yProportion": 0.925,
          "capInsetsHeight": 0,
          "capInsetsWidth": 0,
          "capInsetsX": 0,
          "capInsetsY": 0,
          "disabled": null,
          "disabledData": {
            "path": "settingBtn.png",
            "plistFile": null,
            "resourceType": 0
          },
          "normal": null,
          "normalData": {
            "path": "settingBtn.png",
            "plistFile": null,
            "resourceType": 0
          },
          "pressed": null,
          "pressedData": {
            "path": "settingBtn.png",
            "plistFile": null,
            "resourceType": 0
          },
          "scale9Enable": false,
          "scale9Height": 45,
          "scale9Width": 45
        }
      },
      {
        "classname": "LabelAtlas",
        "name": null,
        "children": [],
        "options": {
          "__type": "ComGUILabelAtlasSurrogate:#EditorCommon.JsonModel.Component.GUI",
          "classname": "LabelAtlas",
          "name": "DistanceScore",
          "ZOrder": 4,
          "actiontag": 25,
          "anchorPointX": 0.5,
          "anchorPointY": 0.5,
          "classType": null,
          "colorB": 255,
          "colorG": 255,
          "colorR": 255,
          "flipX": false,
          "flipY": false,
          "height": 32,
          "ignoreSize": true,
          "opacity": 255,
          "rotation": 0,
          "scaleX": 0.4,
          "scaleY": 0.6,
          "tag": 5,
          "touchAble": false,
          "useMergedTexture": false,
          "visible": true,
          "width": 24,
          "x": 765,
          "xProportion": 0.796875,
          "y": 590,
          "yProportion": 0.921875,
          "charMapFile": null,
          "charMapFileData": {
            "path": "labelatlasimg.png",
            "plistFile": null,
            "resourceType": 0
          },
          "itemHeight": 32,
          "itemWidth": 24,
          "startCharMap": "0",
          "stringValue": "0"
        }
      },
      {
        "classname": "ImageView",
        "name": null,
        "children": [],
        "options": {
          "__type": "ComGUIImageViewSurrogate:#EditorCommon.JsonModel.Component.GUI",
          "classname": "ImageView",
          "name": "DistanceIcon",
          "ZOrder": 3,
          "actiontag": 24,
          "anchorPointX": 0.5,
          "anchorPointY": 0.5,
          "classType": null,
          "colorB": 255,
          "colorG": 255,
          "colorR": 255,
          "flipX": false,
          "flipY": false,
          "height": 47,
          "ignoreSize": true,
          "opacity": 255,
          "rotation": 0,
          "scaleX": 1,
          "scaleY": 1,
          "tag": 4,
          "touchAble": false,
          "useMergedTexture": false,
          "visible": true,
          "width": 136,
          "x": 748,
          "xProportion": 0.779166639,
          "y": 591,
          "yProportion": 0.9234375,
          "capInsetsHeight": 0,
          "capInsetsWidth": 0,
          "capInsetsX": 0,
          "capInsetsY": 0,
          "fileName": null,
          "fileNameData": {
            "path": "distance.png",
            "plistFile": null,
            "resourceType": 0
          },
          "scale9Enable": false,
          "scale9Height": 47,
          "scale9Width": 136
        }
      },
      {
        "classname": "LoadingBar",
        "name": null,
        "children": [],
        "options": {
          "__type": "ComGUILoadingBarSurrogate:#EditorCommon.JsonModel.Component.GUI",
          "classname": "LoadingBar",
          "name": "BloodBar",
          "ZOrder": 2,
          "actiontag": 23,
          "anchorPointX": 0.5,
          "anchorPointY": 0.5,
          "classType": null,
          "colorB": 255,
          "colorG": 255,
          "colorR": 255,
          "flipX": false,
          "flipY": false,
          "height": 29,
          "ignoreSize": true,
          "opacity": 255,
          "rotation": 0,
          "scaleX": 1,
          "scaleY": 1,
          "tag": 3,
          "touchAble": false,
          "useMergedTexture": false,
          "visible": true,
          "width": 277,
          "x": 182,
          "xProportion": 0.189583331,
          "y": 598,
          "yProportion": 0.934375,
          "capInsetsHeight": 0,
          "capInsetsWidth": 0,
          "capInsetsX": 0,
          "capInsetsY": 0,
          "direction": 0,
          "percent": 100,
          "scale9Enable": false,
          "texture": null,
          "textureData": {
            "path": "bloodBar.png",
            "plistFile": null,
            "resourceType": 0
          }
        }
      },
      {
        "classname": "ImageView",
        "name": null,
        "children": [],
        "options": {
          "__type": "ComGUIImageViewSurrogate:#EditorCommon.JsonModel.Component.GUI",
          "classname": "ImageView",
          "name": "BloodVector",
          "ZOrder": 1,
          "actiontag": 22,
          "anchorPointX": 0.5,
          "anchorPointY": 0.5,
          "classType": null,
          "colorB": 255,
          "colorG": 255,
          "colorR": 255,
          "flipX": false,
          "flipY": false,
          "height": 47,
          "ignoreSize": true,
          "opacity": 255,
          "rotation": 0,
          "scaleX": 1,
          "scaleY": 1,
          "tag": 2,
          "touchAble": false,
          "useMergedTexture": false,
          "visible": true,
          "width": 315,
          "x": 180,
          "xProportion": 0.1875,
          "y": 595,
          "yProportion": 0.9296875,
          "capInsetsHeight": 0,
          "capInsetsWidth": 0,
          "capInsetsX": 0,
          "capInsetsY": 0,
          "fileName": null,
          "fileNameData": {
            "path": "blood.png",
            "plistFile": null,
            "resourceType": 0
          },
          "scale9Enable": false,
          "scale9Height": 47,
          "scale9Width": 315
        }
      }
    ],
    "options": {
      "__type": "ComGUIPanelSurrogate:#EditorCommon.JsonModel.Component.GUI",
      "classname": "Panel",
      "name": "Panel",
      "ZOrder": 0,
      "actiontag": -1,
      "anchorPointX": 0,
      "anchorPointY": 0,
      "classType": null,
      "colorB": 255,
      "colorG": 255,
      "colorR": 255,
      "flipX": false,
      "flipY": false,
      "height": 640,
      "ignoreSize": false,
      "opacity": 255,
      "rotation": 0,
      "scaleX": 1,
      "scaleY": 1,
      "tag": 1,
      "touchAble": true,
      "useMergedTexture": false,
      "visible": true,
      "width": 960,
      "x": 0,
      "xProportion": 0,
      "y": 0,
      "yProportion": 0,
      "backGroundImage": null,
      "backGroundImageData": null,
      "backGroundScale9Enable": false,
      "bgColorB": 255,
      "bgColorG": 200,
      "bgColorOpacity": 0,
      "bgColorR": 150,
      "bgEndColorB": 255,
      "bgEndColorG": 0,
      "bgEndColorR": 0,
      "bgStartColorB": 255,
      "bgStartColorG": 255,
      "bgStartColorR": 255,
      "capInsetsHeight": 0,
      "capInsetsWidth": 0,
      "capInsetsX": 0,
      "capInsetsY": 0,
      "clipAble": false,
      "colorType": 1,
      "vectorX": 0,
      "vectorY": -0.5
    }
  }
}